
<SPEECH>
<SPEAKER>DOMITIUS ENOBARBUS</SPEAKER>
<LINE>Madam?</LINE>
</SPEECH>

<SPEECH>
<SPEAKER>CLEOPATRA</SPEAKER>
<LINE>Seek him, and bring him hither.</LINE>
<LINE>Where's Alexas?</LINE>
</SPEECH>

<SPEECH>
<SPEAKER>ALEXAS</SPEAKER>
<LINE>Here, at your service. My lord approaches.</LINE>
</SPEECH>

<SPEECH>
<SPEAKER>CLEOPATRA</SPEAKER>
<LINE>We will not look upon him: go with us.</LINE>
</SPEECH>

<STAGEDIR>Exeunt</STAGEDIR>
<STAGEDIR>Enter MARK ANTONY with a Messenger and Attendants</STAGEDIR>

<SPEECH>
<SPEAKER>Messenger</SPEAKER>
<LINE>Fulvia thy wife first came into the field.</LINE>
</SPEECH>

<SPEECH>
<SPEAKER>MARK ANTONY</SPEAKER>
<LINE>Against my brother Lucius?</LINE>
</SPEECH>

<SPEECH>
<SPEAKER>Messenger</SPEAKER>
<LINE>Ay:</LINE>
<LINE>But soon that war had end, and the time's state</LINE>
<LINE>Made friends of them, joining their force 'gainst Caesar;</LINE>
<LINE>Whose better issue in the war, from Italy,</LINE>
<LINE>Upon the first encounter, drave them.</LINE>
</SPEECH>

<SPEECH>
<SPEAKER>MARK ANTONY</SPEAKER>
<LINE>Well, what worst?</LINE>
</SPEECH>

<SPEECH>
<SPEAKER>Messenger</SPEAKER>
<LINE>The nature of bad news infects the teller.</LINE>
</SPEECH>

<SPEECH>
<SPEAKER>MARK ANTONY</SPEAKER>
<LINE>When it concerns the fool or coward. On:</LINE>
<LINE>Things that are past are done with me. 'Tis thus:</LINE>
<LINE>Who tells me true, though in his tale lie death,</LINE>
<LINE>I hear him as he flatter'd.</LINE>
</SPEECH>

<SPEECH>
<SPEAKER>Messenger</SPEAKER>
<LINE>Labienus--</LINE>
<LINE>This is stiff news--hath, with his Parthian force,</LINE>
<LINE>Extended Asia from Euphrates;</LINE>
<LINE>His conquering banner shook from Syria</LINE>
<LINE>To Lydia and to Ionia; Whilst--</LINE>
</SPEECH>

<SPEECH>
<SPEAKER>MARK ANTONY</SPEAKER>
<LINE>Antony, thou wouldst say,--</LINE>
</SPEECH>

<SPEECH>
<SPEAKER>Messenger</SPEAKER>
<LINE>O, my lord!</LINE>
</SPEECH>

<SPEECH>
<SPEAKER>MARK ANTONY</SPEAKER>
<LINE>Speak to me home, mince not the general tongue:</LINE>
<LINE>Name Cleopatra as she is call'd in Rome;</LINE>
<LINE>Rail thou in Fulvia's phrase; and taunt my faults</LINE>
<LINE>With such full licence as both truth and malice</LINE>
<LINE>Have power to utter. O, then we bring forth weeds,</LINE>
<LINE>When our quick minds lie still; and our ills told us</LINE>
<LINE>Is as our earing. Fare thee well awhile.</LINE>
</SPEECH>

<SPEECH>
<SPEAKER>Messenger</SPEAKER>
<LINE>At your noble pleasure.</LINE>
</SPEECH>


<STAGEDIR>Exit</STAGEDIR>

<SPEECH>
<SPEAKER>MARK ANTONY</SPEAKER>
<LINE>From Sicyon, ho, the news! Speak there!</LINE>
</SPEECH>

<SPEECH>
<SPEAKER>First Attendant</SPEAKER>
<LINE>The man from Sicyon,--is there such an one?</LINE>
</SPEECH>

<SPEECH>
<SPEAKER>Second Attendant</SPEAKER>
<LINE>He stays upon your will.</LINE>
</SPEECH>

<SPEECH>
<SPEAKER>MARK ANTONY</SPEAKER>
<LINE>Let him appear.</LINE>
<LINE>These strong Egyptian fetters I must break,</LINE>
<LINE>Or lose myself in dotage.</LINE>
<STAGEDIR>Enter another Messenger</STAGEDIR>
<LINE>What are you?</LINE>
</SPEECH>

<SPEECH>
<SPEAKER>Second Messenger</SPEAKER>
<LINE>Fulvia thy wife is dead.</LINE>
</SPEECH>

<SPEECH>
<SPEAKER>MARK ANTONY</SPEAKER>
<LINE>Where died she?</LINE>
</SPEECH>

<SPEECH>
<SPEAKER>Second Messenger</SPEAKER>
<LINE>In Sicyon:</LINE>
<LINE>Her length of sickness, with what else more serious</LINE>
<LINE>Importeth thee to know, this bears.</LINE>
</SPEECH>


<STAGEDIR>Gives a letter</STAGEDIR>

<SPEECH>
<SPEAKER>MARK ANTONY</SPEAKER>
<LINE>Forbear me.</LINE>
<STAGEDIR>Exit Second Messenger</STAGEDIR>
<LINE>There's a great spirit gone! Thus did I desire it:</LINE>
<LINE>What our contempt doth often hurl from us,</LINE>
<LINE>We wish it ours again; the present pleasure,</LINE>
<LINE>By revolution lowering, does become</LINE>
<LINE>The opposite of itself: she's good, being gone;</LINE>
<LINE>The hand could pluck her back that shoved her on.</LINE>
<LINE>I must from this enchanting queen break off:</LINE>
<LINE>Ten thousand harms, more than the ills I know,</LINE>
<LINE>My idleness doth hatch. How now! Enobarbus!</LINE>
</SPEECH>


<STAGEDIR>Re-enter DOMITIUS ENOBARBUS</STAGEDIR>

<SPEECH>
<SPEAKER>DOMITIUS ENOBARBUS</SPEAKER>
<LINE>What's your pleasure, sir?</LINE>
</SPEECH>

<SPEECH>
<SPEAKER>MARK ANTONY</SPEAKER>
<LINE>I must with haste from hence.</LINE>
</SPEECH>

<SPEECH>
<SPEAKER>DOMITIUS ENOBARBUS</SPEAKER>
<LINE>Why, then, we kill all our women:</LINE>
<LINE>we see how mortal an unkindness is to them;</LINE>
<LINE>if they suffer our departure, death's the word.</LINE>
</SPEECH>

<SPEECH>
<SPEAKER>MARK ANTONY</SPEAKER>
<LINE>I must be gone.</LINE>
</SPEECH>

<SPEECH>
<SPEAKER>DOMITIUS ENOBARBUS</SPEAKER>
<LINE>Under a compelling occasion, let women die; it were</LINE>
<LINE>pity to cast them away for nothing; though, between</LINE>
<LINE>them and a great cause, they should be esteemed</LINE>
<LINE>nothing. Cleopatra, catching but the least noise of</LINE>
<LINE>this, dies instantly; I have seen her die twenty</LINE>
<LINE>times upon far poorer moment: I do think there is</LINE>
<LINE>mettle in death, which commits some loving act upon</LINE>
<LINE>her, she hath such a celerity in dying.</LINE>
</SPEECH>

<SPEECH>
<SPEAKER>MARK ANTONY</SPEAKER>
<LINE>She is cunning past man's thought.</LINE>
</SPEECH>


<STAGEDIR>Exit ALEXAS</STAGEDIR>

<SPEECH>
<SPEAKER>DOMITIUS ENOBARBUS</SPEAKER>
<LINE>Alack, sir, no; her passions are made of nothing but</LINE>
<LINE>the finest part of pure love: we cannot call her</LINE>
<LINE>winds and waters sighs and tears; they are greater</LINE>
<LINE>storms and tempests than almanacs can report: this</LINE>
<LINE>cannot be cunning in her; if it be, she makes a</LINE>
<LINE>shower of rain as well as Jove.</LINE>
</SPEECH>

<SPEECH>
<SPEAKER>MARK ANTONY</SPEAKER>
<LINE>Would I had never seen her.</LINE>
</SPEECH>

<SPEECH>
<SPEAKER>DOMITIUS ENOBARBUS</SPEAKER>
<LINE>O, sir, you had then left unseen a wonderful piece</LINE>
<LINE>of work; which not to have been blest withal would</LINE>
<LINE>have discredited your travel.</LINE>
</SPEECH>

<SPEECH>
<SPEAKER>MARK ANTONY</SPEAKER>
<LINE>Fulvia is dead.</LINE>
</SPEECH>

<SPEECH>
<SPEAKER>DOMITIUS ENOBARBUS</SPEAKER>
<LINE>Sir?</LINE>
</SPEECH>

<SPEECH>
<SPEAKER>MARK ANTONY</SPEAKER>
<LINE>Fulvia is dead.</LINE>
</SPEECH>

<SPEECH>
<SPEAKER>DOMITIUS ENOBARBUS</SPEAKER>
<LINE>Fulvia!</LINE>
</SPEECH>

<SPEECH>
<SPEAKER>MARK ANTONY</SPEAKER>
<LINE>Dead.</LINE>
</SPEECH>

<SPEECH>
<SPEAKER>DOMITIUS ENOBARBUS</SPEAKER>
<LINE>Why, sir, give the gods a thankful sacrifice. When</LINE>
<LINE>it pleaseth their deities to take the wife of a man</LINE>
<LINE>from him, it shows to man the tailors of the earth;</LINE>
<LINE>comforting therein, that when old robes are worn</LINE>
<LINE>out, there are members to make new. If there were</LINE>
<LINE>no more women but Fulvia, then had you indeed a cut,</LINE>
<LINE>and the case to be lamented: this grief is crowned</LINE>
<LINE>with consolation; your old smock brings forth a new</LINE>
<LINE>petticoat: and indeed the tears live in an onion</LINE>
<LINE>that should water this sorrow.</LINE>
</SPEECH>

<SPEECH>
<SPEAKER>MARK ANTONY</SPEAKER>
<LINE>The business she hath broached in the state</LINE>
<LINE>Cannot endure my absence.</LINE>
</SPEECH>

<SPEECH>
<SPEAKER>DOMITIUS ENOBARBUS</SPEAKER>
<LINE>And the business you have broached here cannot be</LINE>
<LINE>without you; especially that of Cleopatra's, which</LINE>
<LINE>wholly depends on your abode.</LINE>
</SPEECH>

<SPEECH>
<SPEAKER>MARK ANTONY</SPEAKER>
<LINE>No more light answers. Let our officers</LINE>
<LINE>Have notice what we purpose. I shall break</LINE>
<LINE>The cause of our expedience to the queen,</LINE>
<LINE>And get her leave to part. For not alone</LINE>
<LINE>The death of Fulvia, with more urgent touches,</LINE>
<LINE>Do strongly speak to us; but the letters too</LINE>
<LINE>Of many our contriving friends in Rome</LINE>
<LINE>Petition us at home: Sextus Pompeius</LINE>
<LINE>Hath given the dare to Caesar, and commands</LINE>
<LINE>The empire of the sea: our slippery people,</LINE>
<LINE>Whose love is never link'd to the deserver</LINE>
<LINE>Till his deserts are past, begin to throw</LINE>
<LINE>Pompey the Great and all his dignities</LINE>
<LINE>Upon his son; who, high in name and power,</LINE>
<LINE>Higher than both in blood and life, stands up</LINE>
<LINE>For the main soldier: whose quality, going on,</LINE>
<LINE>The sides o' the world may danger: much is breeding,</LINE>
<LINE>Which, like the courser's hair, hath yet but life,</LINE>
<LINE>And not a serpent's poison. Say, our pleasure,</LINE>
<LINE>To such whose place is under us, requires</LINE>
<LINE>Our quick remove from hence.</LINE>
</SPEECH>

<SPEECH>
<SPEAKER>DOMITIUS ENOBARBUS</SPEAKER>
<LINE>I shall do't.</LINE>
</SPEECH>


<STAGEDIR>Exeunt</STAGEDIR>
</SCENE>

<SCENE><TITLE>SCENE III.  The same. Another room.</TITLE>
<STAGEDIR>Enter CLEOPATRA, CHARMIAN, IRAS, and ALEXAS</STAGEDIR>

<SPEECH>
<SPEAKER>CLEOPATRA</SPEAKER>
<LINE>Where is he?</LINE>
</SPEECH>

<SPEECH>
<SPEAKER>CHARMIAN</SPEAKER>
<LINE>I did not see him since.</LINE>
</SPEECH>

<SPEECH>
<SPEAKER>CLEOPATRA</SPEAKER>
<LINE>See where he is, who's with him, what he does:</LINE>
<LINE>I did not send you: if you find him sad,</LINE>
<LINE>Say I am dancing; if in mirth, report</LINE>
<LINE>That I am sudden sick: quick, and return.</LINE>
</SPEECH>


<STAGEDIR>Exit ALEXAS</STAGEDIR>

<SPEECH>
<SPEAKER>CHARMIAN</SPEAKER>
<LINE>Madam, methinks, if you did love him dearly,</LINE>
<LINE>You do not hold the method to enforce</LINE>
<LINE>The like from him.</LINE>
</SPEECH>

<SPEECH>
<SPEAKER>CLEOPATRA</SPEAKER>
<LINE>What should I do, I do not?</LINE>
</SPEECH>

<SPEECH>
<SPEAKER>CHARMIAN</SPEAKER>
<LINE>In each thing give him way, cross him nothing.</LINE>
</SPEECH>

<SPEECH>
<SPEAKER>CLEOPATRA</SPEAKER>
<LINE>Thou teachest like a fool; the way to lose him.</LINE>
</SPEECH>

<SPEECH>
<SPEAKER>CHARMIAN</SPEAKER>
<LINE>Tempt him not so too far; I wish, forbear:</LINE>
<LINE>In time we hate that which we often fear.</LINE>
<LINE>But here comes Antony.</LINE>
</SPEECH>


<STAGEDIR>Enter MARK ANTONY</STAGEDIR>

<SPEECH>
<SPEAKER>CLEOPATRA</SPEAKER>
<LINE>I am sick and sullen.</LINE>
</SPEECH>

<SPEECH>
<SPEAKER>MARK ANTONY</SPEAKER>
<LINE>I am sorry to give breathing to my purpose,--</LINE>
</SPEECH>

<SPEECH>
<SPEAKER>CLEOPATRA</SPEAKER>
<LINE>Help me away, dear Charmian; I shall fall:</LINE>
<LINE>It cannot be thus long, the sides of nature</LINE>
<LINE>Will not sustain it.</LINE>
</SPEECH>

<SPEECH>
<SPEAKER>MARK ANTONY</SPEAKER>
<LINE>Now, my dearest queen,--</LINE>
</SPEECH>

<SPEECH>
<SPEAKER>CLEOPATRA</SPEAKER>
<LINE>Pray you, stand further from me.</LINE>
</SPEECH>

<SPEECH>
<SPEAKER>MARK ANTONY</SPEAKER>
<LINE>What's the matter?</LINE>
</SPEECH>

<SPEECH>
<SPEAKER>CLEOPATRA</SPEAKER>
<LINE>I know, by that same eye, there's some good news.</LINE>
<LINE>What says the married woman? You may go:</LINE>
<LINE>Would she had never given you leave to come!</LINE>
<LINE>Let her not say 'tis I that keep you here:</LINE>
<LINE>I have no power upon you; hers you are.</LINE>
</SPEECH>

<SPEECH>
<SPEAKER>MARK ANTONY</SPEAKER>
<LINE>The gods best know,--</LINE>
</SPEECH>

<SPEECH>
<SPEAKER>CLEOPATRA</SPEAKER>
<LINE>O, never was there queen</LINE>
<LINE>So mightily betray'd! yet at the first</LINE>
<LINE>I saw the treasons planted.</LINE>
</SPEECH>

<SPEECH>
<SPEAKER>MARK ANTONY</SPEAKER>
<LINE>Cleopatra,--</LINE>
</SPEECH>

<SPEECH>
<SPEAKER>CLEOPATRA</SPEAKER>
<LINE>Why should I think you can be mine and true,</LINE>
<LINE>Though you in swearing shake the throned gods,</LINE>
<LINE>Who have been false to Fulvia? Riotous madness,</LINE>
<LINE>To be entangled with those mouth-made vows,</LINE>
<LINE>Which break themselves in swearing!</LINE>
</SPEECH>

<SPEECH>
<SPEAKER>MARK ANTONY</SPEAKER>
<LINE>Most sweet queen,--</LINE>
</SPEECH>

<SPEECH>
<SPEAKER>CLEOPATRA</SPEAKER>
<LINE>Nay, pray you, seek no colour for your going,</LINE>
<LINE>But bid farewell, and go: when you sued staying,</LINE>
<LINE>Then was the time for words: no going then;</LINE>
<LINE>Eternity was in our lips and eyes,</LINE>
<LINE>Bliss in our brows' bent; none our parts so poor,</LINE>
<LINE>But was a race of heaven: they are so still,</LINE>
<LINE>Or thou, the greatest soldier of the world,</LINE>
<LINE>Art turn'd the greatest liar.</LINE>
</SPEECH>

<SPEECH>
<SPEAKER>MARK ANTONY</SPEAKER>
<LINE>How now, lady!</LINE>
</SPEECH>

<SPEECH>
<SPEAKER>CLEOPATRA</SPEAKER>
<LINE>I would I had thy inches; thou shouldst know</LINE>
<LINE>There were a heart in Egypt.</LINE>
</SPEECH>

<SPEECH>
<SPEAKER>MARK ANTONY</SPEAKER>
<LINE>Hear me, queen:</LINE>
<LINE>The strong necessity of time commands</LINE>
<LINE>Our services awhile; but my full heart</LINE>
<LINE>Remains in use with you. Our Italy</LINE>
<LINE>Shines o'er with civil swords: Sextus Pompeius</LINE>
<LINE>Makes his approaches to the port of Rome:</LINE>
<LINE>Equality of two domestic powers</LINE>
<LINE>Breed scrupulous faction: the hated, grown to strength,</LINE>
<LINE>Are newly grown to love: the condemn'd Pompey,</LINE>
<LINE>Rich in his father's honour, creeps apace,</LINE>
<LINE>Into the hearts of such as have not thrived</LINE>
<LINE>Upon the present state, whose numbers threaten;</LINE>
<LINE>And quietness, grown sick of rest, would purge</LINE>
<LINE>By any desperate change: my more particular,</LINE>
<LINE>And that which most with you should safe my going,</LINE>
<LINE>Is Fulvia's death.</LINE>
</SPEECH>

<SPEECH>
<SPEAKER>CLEOPATRA</SPEAKER>
<LINE>Though age from folly could not give me freedom,</LINE>
<LINE>It does from childishness: can Fulvia die?</LINE>
</SPEECH>

<SPEECH>
<SPEAKER>MARK ANTONY</SPEAKER>
<LINE>She's dead, my queen:</LINE>
<LINE>Look here, and at thy sovereign leisure read</LINE>
<LINE>The garboils she awaked; at the last, best:</LINE>
<LINE>See when and where she died.</LINE>
</SPEECH>

<SPEECH>
<SPEAKER>CLEOPATRA</SPEAKER>
<LINE>O most false love!</LINE>
<LINE>Where be the sacred vials thou shouldst fill</LINE>
<LINE>With sorrowful water? Now I see, I see,</LINE>
<LINE>In Fulvia's death, how mine received shall be.</LINE>
</SPEECH>

<SPEECH>
<SPEAKER>MARK ANTONY</SPEAKER>
<LINE>Quarrel no more, but be prepared to know</LINE>
<LINE>The purposes I bear; which are, or cease,</LINE>
<LINE>As you shall give the advice. By the fire</LINE>
<LINE>That quickens Nilus' slime, I go from hence</LINE>
<LINE>Thy soldier, servant; making peace or war</LINE>
<LINE>As thou affect'st.</LINE>
</SPEECH>

<SPEECH>
<SPEAKER>CLEOPATRA</SPEAKER>
<LINE>Cut my lace, Charmian, come;</LINE>
<LINE>But let it be: I am quickly ill, and well,</LINE>
<LINE>So Antony loves.</LINE>
</SPEECH>

<SPEECH>
<SPEAKER>MARK ANTONY</SPEAKER>
<LINE>My precious queen, forbear;</LINE>
<LINE>And give true evidence to his love, which stands</LINE>
<LINE>An honourable trial.</LINE>
</SPEECH>

<SPEECH>
<SPEAKER>CLEOPATRA</SPEAKER>
<LINE>So Fulvia told me.</LINE>
<LINE>I prithee, turn aside and weep for her,</LINE>
<LINE>Then bid adieu to me, and say the tears</LINE>
<LINE>Belong to Egypt: good now, play one scene</LINE>
<LINE>Of excellent dissembling; and let it look</LINE>
<LINE>Life perfect honour.</LINE>
</SPEECH>

<SPEECH>
<SPEAKER>MARK ANTONY</SPEAKER>
<LINE>You'll heat my blood: no more.</LINE>
</SPEECH>

<SPEECH>
<SPEAKER>CLEOPATRA</SPEAKER>
<LINE>You can do better yet; but this is meetly.</LINE>
</SPEECH>

<SPEECH>
<SPEAKER>MARK ANTONY</SPEAKER>
<LINE>Now, by my sword,--</LINE>
</SPEECH>

<SPEECH>
<SPEAKER>CLEOPATRA</SPEAKER>
<LINE>And target. Still he mends;</LINE>
<LINE>But this is not the best. Look, prithee, Charmian,</LINE>
<LINE>How this Herculean Roman does become</LINE>
<LINE>The carriage of his chafe.</LINE>
</SPEECH>

<SPEECH>
<SPEAKER>MARK ANTONY</SPEAKER>
<LINE>I'll leave you, lady.</LINE>
</SPEECH>

<SPEECH>
<SPEAKER>CLEOPATRA</SPEAKER>
<LINE>Courteous lord, one word.</LINE>
<LINE>Sir, you and I must part, but that's not it:</LINE>
<LINE>Sir, you and I have loved, but there's not it;</LINE>
<LINE>That you know well: something it is I would,</LINE>
<LINE>O, my oblivion is a very Antony,</LINE>
<LINE>And I am all forgotten.</LINE>
</SPEECH>

<SPEECH>
<SPEAKER>MARK ANTONY</SPEAKER>
<LINE>But that your royalty</LINE>
<LINE>Holds idleness your subject, I should take you</LINE>
<LINE>For idleness itself.</LINE>
</SPEECH>

<SPEECH>
<SPEAKER>CLEOPATRA</SPEAKER>
<LINE>'Tis sweating labour</LINE>
<LINE>To bear such idleness so near the heart</LINE>
<LINE>As Cleopatra this. But, sir, forgive me;</LINE>
<LINE>Since my becomings kill me, when they do not</LINE>
<LINE>Eye well to you: your honour calls you hence;</LINE>
<LINE>Therefore be deaf to my unpitied folly.</LINE>
<LINE>And all the gods go with you! upon your sword</LINE>
<LINE>Sit laurel victory! and smooth success</LINE>
<LINE>Be strew'd before your feet!</LINE>
</SPEECH>

<SPEECH>
<SPEAKER>MARK ANTONY</SPEAKER>
<LINE>Let us go. Come;</LINE>
<LINE>Our separation so abides, and flies,</LINE>
<LINE>That thou, residing here, go'st yet with me,</LINE>
<LINE>And I, hence fleeting, here remain with thee. Away!</LINE>
</SPEECH>


<STAGEDIR>Exeunt</STAGEDIR>
</SCENE>

<SCENE><TITLE>SCENE IV.  Rome. OCTAVIUS CAESAR's house.</TITLE>
<STAGEDIR>Enter OCTAVIUS CAESAR, reading a letter, LEPIDUS,
and their Train</STAGEDIR>

<SPEECH>
<SPEAKER>OCTAVIUS CAESAR</SPEAKER>
<LINE>You may see, Lepidus, and henceforth know,</LINE>
<LINE>It is not Caesar's natural vice to hate</LINE>
<LINE>Our great competitor: from Alexandria</LINE>
<LINE>This is the news: he fishes, drinks, and wastes</LINE>
<LINE>The lamps of night in revel; is not more man-like</LINE>
<LINE>Than Cleopatra; nor the queen of Ptolemy</LINE>
<LINE>More womanly than he; hardly gave audience, or</LINE>
<LINE>Vouchsafed to think he had partners: you shall find there</LINE>
<LINE>A man who is the abstract of all faults</LINE>
<LINE>That all men follow.</LINE>
</SPEECH>

<SPEECH>
<SPEAKER>LEPIDUS</SPEAKER>
<LINE>I must not think there are</LINE>
<LINE>Evils enow to darken all his goodness:</LINE>
<LINE>His faults in him seem as the spots of heaven,</LINE>
<LINE>More fiery by night's blackness; hereditary,</LINE>
<LINE>Rather than purchased; what he cannot change,</LINE>
<LINE>Than what he chooses.</LINE>
</SPEECH>

<SPEECH>
<SPEAKER>OCTAVIUS CAESAR</SPEAKER>
<LINE>You are too indulgent. Let us grant, it is not</LINE>
<LINE>Amiss to tumble on the bed of Ptolemy;</LINE>
<LINE>To give a kingdom for a mirth; to sit</LINE>
<LINE>And keep the turn of tippling with a slave;</LINE>
<LINE>To reel the streets at noon, and stand the buffet</LINE>
<LINE>With knaves that smell of sweat: say this</LINE>
<LINE>becomes him,--</LINE>
<LINE>As his composure must be rare indeed</LINE>
<LINE>Whom these things cannot blemish,--yet must Antony</LINE>
<LINE>No way excuse his soils, when we do bear</LINE>
<LINE>So great weight in his lightness. If he fill'd</LINE>
<LINE>His vacancy with his voluptuousness,</LINE>
<LINE>Full surfeits, and the dryness of his bones,</LINE>
<LINE>Call on him for't: but to confound such time,</LINE>
<LINE>That drums him from his sport, and speaks as loud</LINE>
<LINE>As his own state and ours,--'tis to be chid</LINE>
<LINE>As we rate boys, who, being mature in knowledge,</LINE>
<LINE>Pawn their experience to their present pleasure,</LINE>
<LINE>And so rebel to judgment.</LINE>
</SPEECH>


<STAGEDIR>Enter a Messenger</STAGEDIR>

<SPEECH>
<SPEAKER>LEPIDUS</SPEAKER>
<LINE>Here's more news.</LINE>
</SPEECH>

<SPEECH>
<SPEAKER>Messenger</SPEAKER>
<LINE>Thy biddings have been done; and every hour,</LINE>
<LINE>Most noble Caesar, shalt thou have report</LINE>
<LINE>How 'tis abroad. Pompey is strong at sea;</LINE>
<LINE>And it appears he is beloved of those</LINE>
<LINE>That only have fear'd Caesar: to the ports</LINE>
<LINE>The discontents repair, and men's reports</LINE>
<LINE>Give him much wrong'd.</LINE>
</SPEECH>

<SPEECH>
<SPEAKER>OCTAVIUS CAESAR</SPEAKER>
<LINE>I should have known no less.</LINE>
<LINE>It hath been taught us from the primal state,</LINE>
<LINE>That he which is was wish'd until he were;</LINE>
<LINE>And the ebb'd man, ne'er loved till ne'er worth love,</LINE>
<LINE>Comes dear'd by being lack'd. This common body,</LINE>
<LINE>Like to a vagabond flag upon the stream,</LINE>
<LINE>Goes to and back, lackeying the varying tide,</LINE>
<LINE>To rot itself with motion.</LINE>
</SPEECH>

<SPEECH>
<SPEAKER>Messenger</SPEAKER>
<LINE>Caesar, I bring thee word,</LINE>
<LINE>Menecrates and Menas, famous pirates,</LINE>
<LINE>Make the sea serve them, which they ear and wound</LINE>
<LINE>With keels of every kind: many hot inroads</LINE>
<LINE>They make in Italy; the borders maritime</LINE>
<LINE>Lack blood to think on't, and flush youth revolt:</LINE>
<LINE>No vessel can peep forth, but 'tis as soon</LINE>
<LINE>Taken as seen; for Pompey's name strikes more</LINE>
<LINE>Than could his war resisted.</LINE>
</SPEECH>

<SPEECH>
<SPEAKER>OCTAVIUS CAESAR</SPEAKER>
<LINE>Antony,</LINE>
<LINE>Leave thy lascivious wassails. When thou once</LINE>
<LINE>Wast beaten from Modena, where thou slew'st</LINE>
<LINE>Hirtius and Pansa, consuls, at thy heel</LINE>
<LINE>Did famine follow; whom thou fought'st against,</LINE>
<LINE>Though daintily brought up, with patience more</LINE>
<LINE>Than savages could suffer: thou didst drink</LINE>
<LINE>The stale of horses, and the gilded puddle</LINE>
<LINE>Which beasts would cough at: thy palate then did deign</LINE>
<LINE>The roughest berry on the rudest hedge;</LINE>
<LINE>Yea, like the stag, when snow the pasture sheets,</LINE>
<LINE>The barks of trees thou browsed'st; on the Alps</LINE>
<LINE>It is reported thou didst eat strange flesh,</LINE>
<LINE>Which some did die to look on: and all this--</LINE>
<LINE>It wounds thine honour that I speak it now--</LINE>
<LINE>Was borne so like a soldier, that thy cheek</LINE>
<LINE>So much as lank'd not.</LINE>
</SPEECH>

<SPEECH>
<SPEAKER>LEPIDUS</SPEAKER>
<LINE>'Tis pity of him.</LINE>
</SPEECH>

<SPEECH>
<SPEAKER>OCTAVIUS CAESAR</SPEAKER>
<LINE>Let his shames quickly</LINE>
<LINE>Drive him to Rome: 'tis time we twain</LINE>
<LINE>Did show ourselves i' the field; and to that end</LINE>
<LINE>Assemble we immediate council: Pompey</LINE>
<LINE>Thrives in our idleness.</LINE>
</SPEECH>

<SPEECH>
<SPEAKER>LEPIDUS</SPEAKER>
<LINE>To-morrow, Caesar,</LINE>
<LINE>I shall be furnish'd to inform you rightly</LINE>
<LINE>Both what by sea and land I can be able</LINE>
<LINE>To front this present time.</LINE>
</SPEECH>

<SPEECH>
<SPEAKER>OCTAVIUS CAESAR</SPEAKER>
<LINE>Till which encounter,</LINE>
<LINE>It is my business too. Farewell.</LINE>
</SPEECH>

<SPEECH>
<SPEAKER>LEPIDUS</SPEAKER>
<LINE>Farewell, my lord: what you shall know meantime</LINE>
<LINE>Of stirs abroad, I shall beseech you, sir,</LINE>
<LINE>To let me be partaker.</LINE>
</SPEECH>

<SPEECH>
<SPEAKER>OCTAVIUS CAESAR</SPEAKER>
<LINE>Doubt not, sir;</LINE>
<LINE>I knew it for my bond.</LINE>
</SPEECH>


<STAGEDIR>Exeunt</STAGEDIR>
</SCENE>

<SCENE><TITLE>SCENE V.  Alexandria. CLEOPATRA's palace.</TITLE>
<STAGEDIR>Enter CLEOPATRA, CHARMIAN, IRAS, and MARDIAN</STAGEDIR>

<SPEECH>
<SPEAKER>CLEOPATRA</SPEAKER>
<LINE>Charmian!</LINE>
</SPEECH>